/*
MySQL Data Transfer
Source Host: localhost
Source Database: photo_share
Target Host: localhost
Target Database: photo_share
Date: 2013/4/25 11:27:28
*/

SET FOREIGN_KEY_CHECKS=0;
-- ----------------------------
-- Table structure for t_comment
-- ----------------------------
DROP TABLE IF EXISTS `t_comment`;
CREATE TABLE `t_comment` (
  `id` int(11) NOT NULL AUTO_INCREMENT,
  `content` varchar(255) DEFAULT NULL,
  `create_time` datetime DEFAULT NULL,
  `to_id` int(11) DEFAULT NULL,
  `owner_id` int(11) DEFAULT NULL,
  `photo_id` int(11) DEFAULT NULL,
  PRIMARY KEY (`id`),
  KEY `FKF437E19468ED238A` (`owner_id`),
  KEY `FKF437E194676605E2` (`photo_id`),
  CONSTRAINT `FKF437E194676605E2` FOREIGN KEY (`photo_id`) REFERENCES `t_photo` (`id`),
  CONSTRAINT `FKF437E19468ED238A` FOREIGN KEY (`owner_id`) REFERENCES `t_user` (`id`)
) ENGINE=InnoDB AUTO_INCREMENT=5 DEFAULT CHARSET=utf8;

-- ----------------------------
-- Table structure for t_fan_relation
-- ----------------------------
DROP TABLE IF EXISTS `t_fan_relation`;
CREATE TABLE `t_fan_relation` (
  `id` int(11) NOT NULL AUTO_INCREMENT,
  `user_id` int(11) DEFAULT NULL,
  `fan_id` int(11) DEFAULT NULL,
  PRIMARY KEY (`id`)
) ENGINE=InnoDB AUTO_INCREMENT=9 DEFAULT CHARSET=utf8;

-- ----------------------------
-- Table structure for t_photo
-- ----------------------------
DROP TABLE IF EXISTS `t_photo`;
CREATE TABLE `t_photo` (
  `id` int(11) NOT NULL AUTO_INCREMENT,
  `longitude` double DEFAULT NULL,
  `latitude` double DEFAULT NULL,
  `geo_hash` varchar(255) DEFAULT NULL,
  `address` varchar(255) DEFAULT NULL,
  `content` varchar(255) DEFAULT NULL,
  `src` varchar(255) DEFAULT NULL,
  `zoomSrc` varchar(255) DEFAULT NULL,
  `hard_disk_path` varchar(255) DEFAULT NULL,
  `hard_disk_zoom_path` varchar(255) DEFAULT NULL,
  `is_blow` bit(1) DEFAULT NULL,
  `create_time` datetime DEFAULT NULL,
  `user_id` int(11) DEFAULT NULL,
  PRIMARY KEY (`id`),
  KEY `FKA0CA7AA7FD067372` (`user_id`),
  CONSTRAINT `FKA0CA7AA7FD067372` FOREIGN KEY (`user_id`) REFERENCES `t_user` (`id`)
) ENGINE=InnoDB AUTO_INCREMENT=116 DEFAULT CHARSET=utf8;

-- ----------------------------
-- Table structure for t_subscription_relation
-- ----------------------------
DROP TABLE IF EXISTS `t_subscription_relation`;
CREATE TABLE `t_subscription_relation` (
  `id` int(11) NOT NULL AUTO_INCREMENT,
  `user_id` int(11) DEFAULT NULL,
  `subscription_id` int(11) DEFAULT NULL,
  PRIMARY KEY (`id`)
) ENGINE=InnoDB AUTO_INCREMENT=9 DEFAULT CHARSET=utf8;

-- ----------------------------
-- Table structure for t_user
-- ----------------------------
DROP TABLE IF EXISTS `t_user`;
CREATE TABLE `t_user` (
  `id` int(11) NOT NULL AUTO_INCREMENT,
  `name` varchar(255) DEFAULT NULL,
  `password` varchar(255) DEFAULT NULL,
  `head_pic_src` varchar(255) DEFAULT NULL,
  `hard_pic_disk_path` varchar(255) DEFAULT NULL,
  PRIMARY KEY (`id`)
) ENGINE=InnoDB AUTO_INCREMENT=12 DEFAULT CHARSET=utf8;

-- ----------------------------
-- Table structure for t_user_like_photo
-- ----------------------------
DROP TABLE IF EXISTS `t_user_like_photo`;
CREATE TABLE `t_user_like_photo` (
  `id` int(11) NOT NULL AUTO_INCREMENT,
  `user_id` int(11) DEFAULT NULL,
  `photo_id` int(11) DEFAULT NULL,
  PRIMARY KEY (`id`)
) ENGINE=InnoDB AUTO_INCREMENT=23 DEFAULT CHARSET=utf8;

-- ----------------------------
-- Records 
-- ----------------------------
INSERT INTO `t_comment` VALUES ('1', '可爱', '2013-04-24 21:51:13', '0', '6', '112');
INSERT INTO `t_comment` VALUES ('2', '啊啊啊', '2013-04-24 22:06:33', '0', '10', '112');
INSERT INTO `t_comment` VALUES ('3', ':-D', '2013-04-24 22:32:13', '0', '11', '81');
INSERT INTO `t_comment` VALUES ('4', '你好美啊！！！', '2013-04-24 22:39:01', '0', '11', '106');
INSERT INTO `t_fan_relation` VALUES ('1', '2', '3');
INSERT INTO `t_fan_relation` VALUES ('2', '1', '3');
INSERT INTO `t_fan_relation` VALUES ('3', '4', '3');
INSERT INTO `t_fan_relation` VALUES ('6', '5', '11');
INSERT INTO `t_fan_relation` VALUES ('7', '2', '11');
INSERT INTO `t_fan_relation` VALUES ('8', '1', '11');
INSERT INTO `t_photo` VALUES ('1', null, null, null, null, '', 'photo_share/1/2013-04-24_20_54_37.png', 'photo_share/1/2013-04-24_20_54_37_zoom.png', 'D:\\黄世凡\\JSP\\Photo_Share_Web_Server\\.metadata\\.me_tcat\\webapps\\Photo_Share_Server\\photo_share\\1\\2013-04-24_20_54_37.png', 'D:\\黄世凡\\JSP\\Photo_Share_Web_Server\\.metadata\\.me_tcat\\webapps\\Photo_Share_Server\\photo_share\\1\\2013-04-24_20_54_37_zoom.png', '', '2013-04-24 20:54:37', '1');
INSERT INTO `t_photo` VALUES ('2', null, null, null, null, '', 'photo_share/1/2013-04-24_20_54_42.png', 'photo_share/1/2013-04-24_20_54_42_zoom.png', 'D:\\黄世凡\\JSP\\Photo_Share_Web_Server\\.metadata\\.me_tcat\\webapps\\Photo_Share_Server\\photo_share\\1\\2013-04-24_20_54_42.png', 'D:\\黄世凡\\JSP\\Photo_Share_Web_Server\\.metadata\\.me_tcat\\webapps\\Photo_Share_Server\\photo_share\\1\\2013-04-24_20_54_42_zoom.png', '', '2013-04-24 20:54:42', '1');
INSERT INTO `t_photo` VALUES ('3', null, null, null, null, '', 'photo_share/1/2013-04-24_20_54_45.png', 'photo_share/1/2013-04-24_20_54_45_zoom.png', 'D:\\黄世凡\\JSP\\Photo_Share_Web_Server\\.metadata\\.me_tcat\\webapps\\Photo_Share_Server\\photo_share\\1\\2013-04-24_20_54_45.png', 'D:\\黄世凡\\JSP\\Photo_Share_Web_Server\\.metadata\\.me_tcat\\webapps\\Photo_Share_Server\\photo_share\\1\\2013-04-24_20_54_45_zoom.png', '', '2013-04-24 20:54:45', '1');
INSERT INTO `t_photo` VALUES ('4', null, null, null, null, '', 'photo_share/1/2013-04-24_20_54_48.png', 'photo_share/1/2013-04-24_20_54_48_zoom.png', 'D:\\黄世凡\\JSP\\Photo_Share_Web_Server\\.metadata\\.me_tcat\\webapps\\Photo_Share_Server\\photo_share\\1\\2013-04-24_20_54_48.png', 'D:\\黄世凡\\JSP\\Photo_Share_Web_Server\\.metadata\\.me_tcat\\webapps\\Photo_Share_Server\\photo_share\\1\\2013-04-24_20_54_48_zoom.png', '', '2013-04-24 20:54:48', '1');
INSERT INTO `t_photo` VALUES ('5', null, null, null, null, '', 'photo_share/1/2013-04-24_20_54_53.png', 'photo_share/1/2013-04-24_20_54_53_zoom.png', 'D:\\黄世凡\\JSP\\Photo_Share_Web_Server\\.metadata\\.me_tcat\\webapps\\Photo_Share_Server\\photo_share\\1\\2013-04-24_20_54_53.png', 'D:\\黄世凡\\JSP\\Photo_Share_Web_Server\\.metadata\\.me_tcat\\webapps\\Photo_Share_Server\\photo_share\\1\\2013-04-24_20_54_53_zoom.png', '', '2013-04-24 20:54:53', '1');
INSERT INTO `t_photo` VALUES ('6', null, null, null, null, '', 'photo_share/2/2013-04-24_20_58_57.png', 'photo_share/2/2013-04-24_20_58_57_zoom.png', 'D:\\黄世凡\\JSP\\Photo_Share_Web_Server\\.metadata\\.me_tcat\\webapps\\Photo_Share_Server\\photo_share\\2\\2013-04-24_20_58_57.png', 'D:\\黄世凡\\JSP\\Photo_Share_Web_Server\\.metadata\\.me_tcat\\webapps\\Photo_Share_Server\\photo_share\\2\\2013-04-24_20_58_57_zoom.png', '', '2013-04-24 20:58:57', '2');
INSERT INTO `t_photo` VALUES ('7', null, null, null, null, '', 'photo_share/2/2013-04-24_20_59_00.png', 'photo_share/2/2013-04-24_20_59_00_zoom.png', 'D:\\黄世凡\\JSP\\Photo_Share_Web_Server\\.metadata\\.me_tcat\\webapps\\Photo_Share_Server\\photo_share\\2\\2013-04-24_20_59_00.png', 'D:\\黄世凡\\JSP\\Photo_Share_Web_Server\\.metadata\\.me_tcat\\webapps\\Photo_Share_Server\\photo_share\\2\\2013-04-24_20_59_00_zoom.png', '', '2013-04-24 20:59:00', '2');
INSERT INTO `t_photo` VALUES ('8', null, null, null, null, '', 'photo_share/2/2013-04-24_20_59_06.png', 'photo_share/2/2013-04-24_20_59_06_zoom.png', 'D:\\黄世凡\\JSP\\Photo_Share_Web_Server\\.metadata\\.me_tcat\\webapps\\Photo_Share_Server\\photo_share\\2\\2013-04-24_20_59_06.png', 'D:\\黄世凡\\JSP\\Photo_Share_Web_Server\\.metadata\\.me_tcat\\webapps\\Photo_Share_Server\\photo_share\\2\\2013-04-24_20_59_06_zoom.png', '', '2013-04-24 20:59:06', '2');
INSERT INTO `t_photo` VALUES ('9', null, null, null, null, '', 'photo_share/2/2013-04-24_20_59_09.png', 'photo_share/2/2013-04-24_20_59_09_zoom.png', 'D:\\黄世凡\\JSP\\Photo_Share_Web_Server\\.metadata\\.me_tcat\\webapps\\Photo_Share_Server\\photo_share\\2\\2013-04-24_20_59_09.png', 'D:\\黄世凡\\JSP\\Photo_Share_Web_Server\\.metadata\\.me_tcat\\webapps\\Photo_Share_Server\\photo_share\\2\\2013-04-24_20_59_09_zoom.png', '', '2013-04-24 20:59:09', '2');
INSERT INTO `t_photo` VALUES ('10', null, null, null, null, '羅馬尼亞像仙境般的瀑布', 'photo_share/2/2013-04-24_21_00_22.png', 'photo_share/2/2013-04-24_21_00_22_zoom.png', 'D:\\黄世凡\\JSP\\Photo_Share_Web_Server\\.metadata\\.me_tcat\\webapps\\Photo_Share_Server\\photo_share\\2\\2013-04-24_21_00_22.png', 'D:\\黄世凡\\JSP\\Photo_Share_Web_Server\\.metadata\\.me_tcat\\webapps\\Photo_Share_Server\\photo_share\\2\\2013-04-24_21_00_22_zoom.png', '', '2013-04-24 21:00:22', '2');
INSERT INTO `t_photo` VALUES ('11', null, null, null, null, '德國北部的星空', 'photo_share/2/2013-04-24_21_00_39.png', 'photo_share/2/2013-04-24_21_00_39_zoom.png', 'D:\\黄世凡\\JSP\\Photo_Share_Web_Server\\.metadata\\.me_tcat\\webapps\\Photo_Share_Server\\photo_share\\2\\2013-04-24_21_00_39.png', 'D:\\黄世凡\\JSP\\Photo_Share_Web_Server\\.metadata\\.me_tcat\\webapps\\Photo_Share_Server\\photo_share\\2\\2013-04-24_21_00_39_zoom.png', '', '2013-04-24 21:00:39', '2');
INSERT INTO `t_photo` VALUES ('12', null, null, null, null, '瑞士的聖加侖', 'photo_share/2/2013-04-24_21_00_54.png', 'photo_share/2/2013-04-24_21_00_54_zoom.png', 'D:\\黄世凡\\JSP\\Photo_Share_Web_Server\\.metadata\\.me_tcat\\webapps\\Photo_Share_Server\\photo_share\\2\\2013-04-24_21_00_54.png', 'D:\\黄世凡\\JSP\\Photo_Share_Web_Server\\.metadata\\.me_tcat\\webapps\\Photo_Share_Server\\photo_share\\2\\2013-04-24_21_00_54_zoom.png', '', '2013-04-24 21:00:54', '2');
INSERT INTO `t_photo` VALUES ('13', null, null, null, null, '意大利彩色漁村馬納羅拉(Manarola)的夜景', 'photo_share/2/2013-04-24_21_01_09.png', 'photo_share/2/2013-04-24_21_01_09_zoom.png', 'D:\\黄世凡\\JSP\\Photo_Share_Web_Server\\.metadata\\.me_tcat\\webapps\\Photo_Share_Server\\photo_share\\2\\2013-04-24_21_01_09.png', 'D:\\黄世凡\\JSP\\Photo_Share_Web_Server\\.metadata\\.me_tcat\\webapps\\Photo_Share_Server\\photo_share\\2\\2013-04-24_21_01_09_zoom.png', '', '2013-04-24 21:01:09', '2');
INSERT INTO `t_photo` VALUES ('14', null, null, null, null, '意大利彩色漁村馬納羅拉(Manarola)的夜景', 'photo_share/2/2013-04-24_21_01_32.png', 'photo_share/2/2013-04-24_21_01_32_zoom.png', 'D:\\黄世凡\\JSP\\Photo_Share_Web_Server\\.metadata\\.me_tcat\\webapps\\Photo_Share_Server\\photo_share\\2\\2013-04-24_21_01_32.png', 'D:\\黄世凡\\JSP\\Photo_Share_Web_Server\\.metadata\\.me_tcat\\webapps\\Photo_Share_Server\\photo_share\\2\\2013-04-24_21_01_32_zoom.png', '', '2013-04-24 21:01:32', '2');
INSERT INTO `t_photo` VALUES ('15', null, null, null, null, '越南 Pongua 瀑布', 'photo_share/2/2013-04-24_21_01_47.png', 'photo_share/2/2013-04-24_21_01_47_zoom.png', 'D:\\黄世凡\\JSP\\Photo_Share_Web_Server\\.metadata\\.me_tcat\\webapps\\Photo_Share_Server\\photo_share\\2\\2013-04-24_21_01_47.png', 'D:\\黄世凡\\JSP\\Photo_Share_Web_Server\\.metadata\\.me_tcat\\webapps\\Photo_Share_Server\\photo_share\\2\\2013-04-24_21_01_47_zoom.png', '', '2013-04-24 21:01:47', '2');
INSERT INTO `t_photo` VALUES ('16', null, null, null, null, '智利 - 巴塔哥尼亞 石窟', 'photo_share/2/2013-04-24_21_02_04.png', 'photo_share/2/2013-04-24_21_02_04_zoom.png', 'D:\\黄世凡\\JSP\\Photo_Share_Web_Server\\.metadata\\.me_tcat\\webapps\\Photo_Share_Server\\photo_share\\2\\2013-04-24_21_02_04.png', 'D:\\黄世凡\\JSP\\Photo_Share_Web_Server\\.metadata\\.me_tcat\\webapps\\Photo_Share_Server\\photo_share\\2\\2013-04-24_21_02_04_zoom.png', '', '2013-04-24 21:02:04', '2');
INSERT INTO `t_photo` VALUES ('17', null, null, null, null, '最想和誰一起穿越這條街？　錫羅斯，希臘', 'photo_share/2/2013-04-24_21_02_16.png', 'photo_share/2/2013-04-24_21_02_16_zoom.png', 'D:\\黄世凡\\JSP\\Photo_Share_Web_Server\\.metadata\\.me_tcat\\webapps\\Photo_Share_Server\\photo_share\\2\\2013-04-24_21_02_16.png', 'D:\\黄世凡\\JSP\\Photo_Share_Web_Server\\.metadata\\.me_tcat\\webapps\\Photo_Share_Server\\photo_share\\2\\2013-04-24_21_02_16_zoom.png', '', '2013-04-24 21:02:16', '2');
INSERT INTO `t_photo` VALUES ('18', null, null, null, null, '能住人嗎', 'photo_share/2/2013-04-24_21_02_33.png', 'photo_share/2/2013-04-24_21_02_33_zoom.png', 'D:\\黄世凡\\JSP\\Photo_Share_Web_Server\\.metadata\\.me_tcat\\webapps\\Photo_Share_Server\\photo_share\\2\\2013-04-24_21_02_33.png', 'D:\\黄世凡\\JSP\\Photo_Share_Web_Server\\.metadata\\.me_tcat\\webapps\\Photo_Share_Server\\photo_share\\2\\2013-04-24_21_02_33_zoom.png', '', '2013-04-24 21:02:33', '2');
INSERT INTO `t_photo` VALUES ('19', null, null, null, null, '馬爾代夫真美', 'photo_share/2/2013-04-24_21_02_50.png', 'photo_share/2/2013-04-24_21_02_50_zoom.png', 'D:\\黄世凡\\JSP\\Photo_Share_Web_Server\\.metadata\\.me_tcat\\webapps\\Photo_Share_Server\\photo_share\\2\\2013-04-24_21_02_50.png', 'D:\\黄世凡\\JSP\\Photo_Share_Web_Server\\.metadata\\.me_tcat\\webapps\\Photo_Share_Server\\photo_share\\2\\2013-04-24_21_02_50_zoom.png', '', '2013-04-24 21:02:50', '2');
INSERT INTO `t_photo` VALUES ('20', null, null, null, null, '海豚形島嶼 - 印度尼西亞佛羅勒斯島北部海域', 'photo_share/2/2013-04-24_21_03_03.png', 'photo_share/2/2013-04-24_21_03_03_zoom.png', 'D:\\黄世凡\\JSP\\Photo_Share_Web_Server\\.metadata\\.me_tcat\\webapps\\Photo_Share_Server\\photo_share\\2\\2013-04-24_21_03_03.png', 'D:\\黄世凡\\JSP\\Photo_Share_Web_Server\\.metadata\\.me_tcat\\webapps\\Photo_Share_Server\\photo_share\\2\\2013-04-24_21_03_03_zoom.png', '', '2013-04-24 21:03:03', '2');
INSERT INTO `t_photo` VALUES ('21', null, null, null, null, '真懂得享受', 'photo_share/2/2013-04-24_21_03_15.png', 'photo_share/2/2013-04-24_21_03_15_zoom.png', 'D:\\黄世凡\\JSP\\Photo_Share_Web_Server\\.metadata\\.me_tcat\\webapps\\Photo_Share_Server\\photo_share\\2\\2013-04-24_21_03_15.png', 'D:\\黄世凡\\JSP\\Photo_Share_Web_Server\\.metadata\\.me_tcat\\webapps\\Photo_Share_Server\\photo_share\\2\\2013-04-24_21_03_15_zoom.png', '', '2013-04-24 21:03:15', '2');
INSERT INTO `t_photo` VALUES ('22', null, null, null, null, '倫敦歷史博物館，像哈利波特場景嗎?', 'photo_share/2/2013-04-24_21_03_34.png', 'photo_share/2/2013-04-24_21_03_34_zoom.png', 'D:\\黄世凡\\JSP\\Photo_Share_Web_Server\\.metadata\\.me_tcat\\webapps\\Photo_Share_Server\\photo_share\\2\\2013-04-24_21_03_34.png', 'D:\\黄世凡\\JSP\\Photo_Share_Web_Server\\.metadata\\.me_tcat\\webapps\\Photo_Share_Server\\photo_share\\2\\2013-04-24_21_03_34_zoom.png', '', '2013-04-24 21:03:34', '2');
INSERT INTO `t_photo` VALUES ('23', null, null, null, null, '挪威奧爾蘭峽灣', 'photo_share/2/2013-04-24_21_03_49.png', 'photo_share/2/2013-04-24_21_03_49_zoom.png', 'D:\\黄世凡\\JSP\\Photo_Share_Web_Server\\.metadata\\.me_tcat\\webapps\\Photo_Share_Server\\photo_share\\2\\2013-04-24_21_03_49.png', 'D:\\黄世凡\\JSP\\Photo_Share_Web_Server\\.metadata\\.me_tcat\\webapps\\Photo_Share_Server\\photo_share\\2\\2013-04-24_21_03_49_zoom.png', '', '2013-04-24 21:03:49', '2');
INSERT INTO `t_photo` VALUES ('24', null, null, null, null, '美國加州新港灘 \\n想在這裡舉行婚禮嗎?', 'photo_share/2/2013-04-24_21_04_27.png', 'photo_share/2/2013-04-24_21_04_27_zoom.png', 'D:\\黄世凡\\JSP\\Photo_Share_Web_Server\\.metadata\\.me_tcat\\webapps\\Photo_Share_Server\\photo_share\\2\\2013-04-24_21_04_27.png', 'D:\\黄世凡\\JSP\\Photo_Share_Web_Server\\.metadata\\.me_tcat\\webapps\\Photo_Share_Server\\photo_share\\2\\2013-04-24_21_04_27_zoom.png', '', '2013-04-24 21:04:27', '2');
INSERT INTO `t_photo` VALUES ('25', null, null, null, null, '迪拜的月亮塔', 'photo_share/2/2013-04-24_21_04_45.png', 'photo_share/2/2013-04-24_21_04_45_zoom.png', 'D:\\黄世凡\\JSP\\Photo_Share_Web_Server\\.metadata\\.me_tcat\\webapps\\Photo_Share_Server\\photo_share\\2\\2013-04-24_21_04_45.png', 'D:\\黄世凡\\JSP\\Photo_Share_Web_Server\\.metadata\\.me_tcat\\webapps\\Photo_Share_Server\\photo_share\\2\\2013-04-24_21_04_45_zoom.png', '', '2013-04-24 21:04:45', '2');
INSERT INTO `t_photo` VALUES ('26', null, null, null, null, '法國-羅浮宮', 'photo_share/2/2013-04-24_21_05_20.png', 'photo_share/2/2013-04-24_21_05_20_zoom.png', 'D:\\黄世凡\\JSP\\Photo_Share_Web_Server\\.metadata\\.me_tcat\\webapps\\Photo_Share_Server\\photo_share\\2\\2013-04-24_21_05_20.png', 'D:\\黄世凡\\JSP\\Photo_Share_Web_Server\\.metadata\\.me_tcat\\webapps\\Photo_Share_Server\\photo_share\\2\\2013-04-24_21_05_20_zoom.png', '', '2013-04-24 21:05:20', '2');
INSERT INTO `t_photo` VALUES ('27', null, null, null, null, '丹麥哥本哈根大學的學生宿舍', 'photo_share/2/2013-04-24_21_05_41.png', 'photo_share/2/2013-04-24_21_05_41_zoom.png', 'D:\\黄世凡\\JSP\\Photo_Share_Web_Server\\.metadata\\.me_tcat\\webapps\\Photo_Share_Server\\photo_share\\2\\2013-04-24_21_05_41.png', 'D:\\黄世凡\\JSP\\Photo_Share_Web_Server\\.metadata\\.me_tcat\\webapps\\Photo_Share_Server\\photo_share\\2\\2013-04-24_21_05_41_zoom.png', '', '2013-04-24 21:05:41', '2');
INSERT INTO `t_photo` VALUES ('28', null, null, null, null, '巴黎夜景', 'photo_share/2/2013-04-24_21_06_01.png', 'photo_share/2/2013-04-24_21_06_01_zoom.png', 'D:\\黄世凡\\JSP\\Photo_Share_Web_Server\\.metadata\\.me_tcat\\webapps\\Photo_Share_Server\\photo_share\\2\\2013-04-24_21_06_01.png', 'D:\\黄世凡\\JSP\\Photo_Share_Web_Server\\.metadata\\.me_tcat\\webapps\\Photo_Share_Server\\photo_share\\2\\2013-04-24_21_06_01_zoom.png', '', '2013-04-24 21:06:01', '2');
INSERT INTO `t_photo` VALUES ('29', null, null, null, null, '很有FEEL的畫面...', 'photo_share/2/2013-04-24_21_06_32.png', 'photo_share/2/2013-04-24_21_06_32_zoom.png', 'D:\\黄世凡\\JSP\\Photo_Share_Web_Server\\.metadata\\.me_tcat\\webapps\\Photo_Share_Server\\photo_share\\2\\2013-04-24_21_06_32.png', 'D:\\黄世凡\\JSP\\Photo_Share_Web_Server\\.metadata\\.me_tcat\\webapps\\Photo_Share_Server\\photo_share\\2\\2013-04-24_21_06_32_zoom.png', '', '2013-04-24 21:06:32', '2');
INSERT INTO `t_photo` VALUES ('30', null, null, null, null, '中國四川的九寨溝', 'photo_share/2/2013-04-24_21_06_46.png', 'photo_share/2/2013-04-24_21_06_46_zoom.png', 'D:\\黄世凡\\JSP\\Photo_Share_Web_Server\\.metadata\\.me_tcat\\webapps\\Photo_Share_Server\\photo_share\\2\\2013-04-24_21_06_46.png', 'D:\\黄世凡\\JSP\\Photo_Share_Web_Server\\.metadata\\.me_tcat\\webapps\\Photo_Share_Server\\photo_share\\2\\2013-04-24_21_06_46_zoom.png', '', '2013-04-24 21:06:46', '2');
INSERT INTO `t_photo` VALUES ('31', null, null, null, null, '愛琴海，想跟愛人去嗎?', 'photo_share/2/2013-04-24_21_07_43.png', 'photo_share/2/2013-04-24_21_07_43_zoom.png', 'D:\\黄世凡\\JSP\\Photo_Share_Web_Server\\.metadata\\.me_tcat\\webapps\\Photo_Share_Server\\photo_share\\2\\2013-04-24_21_07_43.png', 'D:\\黄世凡\\JSP\\Photo_Share_Web_Server\\.metadata\\.me_tcat\\webapps\\Photo_Share_Server\\photo_share\\2\\2013-04-24_21_07_43_zoom.png', '', '2013-04-24 21:07:43', '2');
INSERT INTO `t_photo` VALUES ('32', null, null, null, null, '這樣的飛機你想坐嗎?', 'photo_share/2/2013-04-24_21_08_08.png', 'photo_share/2/2013-04-24_21_08_08_zoom.png', 'D:\\黄世凡\\JSP\\Photo_Share_Web_Server\\.metadata\\.me_tcat\\webapps\\Photo_Share_Server\\photo_share\\2\\2013-04-24_21_08_08.png', 'D:\\黄世凡\\JSP\\Photo_Share_Web_Server\\.metadata\\.me_tcat\\webapps\\Photo_Share_Server\\photo_share\\2\\2013-04-24_21_08_08_zoom.png', '', '2013-04-24 21:08:08', '2');
INSERT INTO `t_photo` VALUES ('33', null, null, null, null, '', 'photo_share/3/2013-04-24_21_13_11.png', 'photo_share/3/2013-04-24_21_13_11_zoom.png', 'D:\\黄世凡\\JSP\\Photo_Share_Web_Server\\.metadata\\.me_tcat\\webapps\\Photo_Share_Server\\photo_share\\3\\2013-04-24_21_13_11.png', 'D:\\黄世凡\\JSP\\Photo_Share_Web_Server\\.metadata\\.me_tcat\\webapps\\Photo_Share_Server\\photo_share\\3\\2013-04-24_21_13_11_zoom.png', '', '2013-04-24 21:13:11', '3');
INSERT INTO `t_photo` VALUES ('34', null, null, null, null, '', 'photo_share/3/2013-04-24_21_13_16.png', 'photo_share/3/2013-04-24_21_13_16_zoom.png', 'D:\\黄世凡\\JSP\\Photo_Share_Web_Server\\.metadata\\.me_tcat\\webapps\\Photo_Share_Server\\photo_share\\3\\2013-04-24_21_13_16.png', 'D:\\黄世凡\\JSP\\Photo_Share_Web_Server\\.metadata\\.me_tcat\\webapps\\Photo_Share_Server\\photo_share\\3\\2013-04-24_21_13_16_zoom.png', '', '2013-04-24 21:13:16', '3');
INSERT INTO `t_photo` VALUES ('35', null, null, null, null, '', 'photo_share/3/2013-04-24_21_13_20.png', 'photo_share/3/2013-04-24_21_13_20_zoom.png', 'D:\\黄世凡\\JSP\\Photo_Share_Web_Server\\.metadata\\.me_tcat\\webapps\\Photo_Share_Server\\photo_share\\3\\2013-04-24_21_13_20.png', 'D:\\黄世凡\\JSP\\Photo_Share_Web_Server\\.metadata\\.me_tcat\\webapps\\Photo_Share_Server\\photo_share\\3\\2013-04-24_21_13_20_zoom.png', '', '2013-04-24 21:13:20', '3');
INSERT INTO `t_photo` VALUES ('36', null, null, null, null, '', 'photo_share/3/2013-04-24_21_13_23.png', 'photo_share/3/2013-04-24_21_13_23_zoom.png', 'D:\\黄世凡\\JSP\\Photo_Share_Web_Server\\.metadata\\.me_tcat\\webapps\\Photo_Share_Server\\photo_share\\3\\2013-04-24_21_13_23.png', 'D:\\黄世凡\\JSP\\Photo_Share_Web_Server\\.metadata\\.me_tcat\\webapps\\Photo_Share_Server\\photo_share\\3\\2013-04-24_21_13_23_zoom.png', '', '2013-04-24 21:13:23', '3');
INSERT INTO `t_photo` VALUES ('37', null, null, null, null, '', 'photo_share/3/2013-04-24_21_13_27.png', 'photo_share/3/2013-04-24_21_13_27_zoom.png', 'D:\\黄世凡\\JSP\\Photo_Share_Web_Server\\.metadata\\.me_tcat\\webapps\\Photo_Share_Server\\photo_share\\3\\2013-04-24_21_13_27.png', 'D:\\黄世凡\\JSP\\Photo_Share_Web_Server\\.metadata\\.me_tcat\\webapps\\Photo_Share_Server\\photo_share\\3\\2013-04-24_21_13_27_zoom.png', '', '2013-04-24 21:13:27', '3');
INSERT INTO `t_photo` VALUES ('38', null, null, null, null, '', 'photo_share/3/2013-04-24_21_13_31.png', 'photo_share/3/2013-04-24_21_13_31_zoom.png', 'D:\\黄世凡\\JSP\\Photo_Share_Web_Server\\.metadata\\.me_tcat\\webapps\\Photo_Share_Server\\photo_share\\3\\2013-04-24_21_13_31.png', 'D:\\黄世凡\\JSP\\Photo_Share_Web_Server\\.metadata\\.me_tcat\\webapps\\Photo_Share_Server\\photo_share\\3\\2013-04-24_21_13_31_zoom.png', '', '2013-04-24 21:13:31', '3');
INSERT INTO `t_photo` VALUES ('39', null, null, null, null, '', 'photo_share/3/2013-04-24_21_13_36.png', 'photo_share/3/2013-04-24_21_13_36_zoom.png', 'D:\\黄世凡\\JSP\\Photo_Share_Web_Server\\.metadata\\.me_tcat\\webapps\\Photo_Share_Server\\photo_share\\3\\2013-04-24_21_13_36.png', 'D:\\黄世凡\\JSP\\Photo_Share_Web_Server\\.metadata\\.me_tcat\\webapps\\Photo_Share_Server\\photo_share\\3\\2013-04-24_21_13_36_zoom.png', '', '2013-04-24 21:13:36', '3');
INSERT INTO `t_photo` VALUES ('40', null, null, null, null, '', 'photo_share/3/2013-04-24_21_13_41.png', 'photo_share/3/2013-04-24_21_13_41_zoom.png', 'D:\\黄世凡\\JSP\\Photo_Share_Web_Server\\.metadata\\.me_tcat\\webapps\\Photo_Share_Server\\photo_share\\3\\2013-04-24_21_13_41.png', 'D:\\黄世凡\\JSP\\Photo_Share_Web_Server\\.metadata\\.me_tcat\\webapps\\Photo_Share_Server\\photo_share\\3\\2013-04-24_21_13_41_zoom.png', '', '2013-04-24 21:13:41', '3');
INSERT INTO `t_photo` VALUES ('41', null, null, null, null, '', 'photo_share/3/2013-04-24_21_13_46.png', 'photo_share/3/2013-04-24_21_13_46_zoom.png', 'D:\\黄世凡\\JSP\\Photo_Share_Web_Server\\.metadata\\.me_tcat\\webapps\\Photo_Share_Server\\photo_share\\3\\2013-04-24_21_13_46.png', 'D:\\黄世凡\\JSP\\Photo_Share_Web_Server\\.metadata\\.me_tcat\\webapps\\Photo_Share_Server\\photo_share\\3\\2013-04-24_21_13_46_zoom.png', '', '2013-04-24 21:13:46', '3');
INSERT INTO `t_photo` VALUES ('42', null, null, null, null, '', 'photo_share/3/2013-04-24_21_13_52.png', 'photo_share/3/2013-04-24_21_13_52_zoom.png', 'D:\\黄世凡\\JSP\\Photo_Share_Web_Server\\.metadata\\.me_tcat\\webapps\\Photo_Share_Server\\photo_share\\3\\2013-04-24_21_13_52.png', 'D:\\黄世凡\\JSP\\Photo_Share_Web_Server\\.metadata\\.me_tcat\\webapps\\Photo_Share_Server\\photo_share\\3\\2013-04-24_21_13_52_zoom.png', '', '2013-04-24 21:13:52', '3');
INSERT INTO `t_photo` VALUES ('43', null, null, null, null, '', 'photo_share/3/2013-04-24_21_13_59.png', 'photo_share/3/2013-04-24_21_13_59_zoom.png', 'D:\\黄世凡\\JSP\\Photo_Share_Web_Server\\.metadata\\.me_tcat\\webapps\\Photo_Share_Server\\photo_share\\3\\2013-04-24_21_13_59.png', 'D:\\黄世凡\\JSP\\Photo_Share_Web_Server\\.metadata\\.me_tcat\\webapps\\Photo_Share_Server\\photo_share\\3\\2013-04-24_21_13_59_zoom.png', '', '2013-04-24 21:13:59', '3');
INSERT INTO `t_photo` VALUES ('44', null, null, null, null, '', 'photo_share/3/2013-04-24_21_14_04.png', 'photo_share/3/2013-04-24_21_14_04_zoom.png', 'D:\\黄世凡\\JSP\\Photo_Share_Web_Server\\.metadata\\.me_tcat\\webapps\\Photo_Share_Server\\photo_share\\3\\2013-04-24_21_14_04.png', 'D:\\黄世凡\\JSP\\Photo_Share_Web_Server\\.metadata\\.me_tcat\\webapps\\Photo_Share_Server\\photo_share\\3\\2013-04-24_21_14_04_zoom.png', '', '2013-04-24 21:14:04', '3');
INSERT INTO `t_photo` VALUES ('45', null, null, null, null, '', 'photo_share/4/2013-04-24_21_15_30.png', 'photo_share/4/2013-04-24_21_15_30_zoom.png', 'D:\\黄世凡\\JSP\\Photo_Share_Web_Server\\.metadata\\.me_tcat\\webapps\\Photo_Share_Server\\photo_share\\4\\2013-04-24_21_15_30.png', 'D:\\黄世凡\\JSP\\Photo_Share_Web_Server\\.metadata\\.me_tcat\\webapps\\Photo_Share_Server\\photo_share\\4\\2013-04-24_21_15_30_zoom.png', '', '2013-04-24 21:15:30', '4');
INSERT INTO `t_photo` VALUES ('46', null, null, null, null, '', 'photo_share/4/2013-04-24_21_15_42.png', 'photo_share/4/2013-04-24_21_15_42_zoom.png', 'D:\\黄世凡\\JSP\\Photo_Share_Web_Server\\.metadata\\.me_tcat\\webapps\\Photo_Share_Server\\photo_share\\4\\2013-04-24_21_15_42.png', 'D:\\黄世凡\\JSP\\Photo_Share_Web_Server\\.metadata\\.me_tcat\\webapps\\Photo_Share_Server\\photo_share\\4\\2013-04-24_21_15_42_zoom.png', '', '2013-04-24 21:15:42', '4');
INSERT INTO `t_photo` VALUES ('47', null, null, null, null, '', 'photo_share/4/2013-04-24_21_15_46.png', 'photo_share/4/2013-04-24_21_15_46_zoom.png', 'D:\\黄世凡\\JSP\\Photo_Share_Web_Server\\.metadata\\.me_tcat\\webapps\\Photo_Share_Server\\photo_share\\4\\2013-04-24_21_15_46.png', 'D:\\黄世凡\\JSP\\Photo_Share_Web_Server\\.metadata\\.me_tcat\\webapps\\Photo_Share_Server\\photo_share\\4\\2013-04-24_21_15_46_zoom.png', '', '2013-04-24 21:15:46', '4');
INSERT INTO `t_photo` VALUES ('48', null, null, null, null, '', 'photo_share/4/2013-04-24_21_15_50.png', 'photo_share/4/2013-04-24_21_15_50_zoom.png', 'D:\\黄世凡\\JSP\\Photo_Share_Web_Server\\.metadata\\.me_tcat\\webapps\\Photo_Share_Server\\photo_share\\4\\2013-04-24_21_15_50.png', 'D:\\黄世凡\\JSP\\Photo_Share_Web_Server\\.metadata\\.me_tcat\\webapps\\Photo_Share_Server\\photo_share\\4\\2013-04-24_21_15_50_zoom.png', '', '2013-04-24 21:15:50', '4');
INSERT INTO `t_photo` VALUES ('49', null, null, null, null, '', 'photo_share/4/2013-04-24_21_15_55.png', 'photo_share/4/2013-04-24_21_15_55_zoom.png', 'D:\\黄世凡\\JSP\\Photo_Share_Web_Server\\.metadata\\.me_tcat\\webapps\\Photo_Share_Server\\photo_share\\4\\2013-04-24_21_15_55.png', 'D:\\黄世凡\\JSP\\Photo_Share_Web_Server\\.metadata\\.me_tcat\\webapps\\Photo_Share_Server\\photo_share\\4\\2013-04-24_21_15_55_zoom.png', '', '2013-04-24 21:15:55', '4');
INSERT INTO `t_photo` VALUES ('50', null, null, null, null, '', 'photo_share/4/2013-04-24_21_16_00.png', 'photo_share/4/2013-04-24_21_16_00_zoom.png', 'D:\\黄世凡\\JSP\\Photo_Share_Web_Server\\.metadata\\.me_tcat\\webapps\\Photo_Share_Server\\photo_share\\4\\2013-04-24_21_16_00.png', 'D:\\黄世凡\\JSP\\Photo_Share_Web_Server\\.metadata\\.me_tcat\\webapps\\Photo_Share_Server\\photo_share\\4\\2013-04-24_21_16_00_zoom.png', '', '2013-04-24 21:16:00', '4');
INSERT INTO `t_photo` VALUES ('51', null, null, null, null, '', 'photo_share/4/2013-04-24_21_16_07.png', 'photo_share/4/2013-04-24_21_16_07_zoom.png', 'D:\\黄世凡\\JSP\\Photo_Share_Web_Server\\.metadata\\.me_tcat\\webapps\\Photo_Share_Server\\photo_share\\4\\2013-04-24_21_16_07.png', 'D:\\黄世凡\\JSP\\Photo_Share_Web_Server\\.metadata\\.me_tcat\\webapps\\Photo_Share_Server\\photo_share\\4\\2013-04-24_21_16_07_zoom.png', '', '2013-04-24 21:16:07', '4');
INSERT INTO `t_photo` VALUES ('52', null, null, null, null, '', 'photo_share/4/2013-04-24_21_16_12.png', 'photo_share/4/2013-04-24_21_16_12_zoom.png', 'D:\\黄世凡\\JSP\\Photo_Share_Web_Server\\.metadata\\.me_tcat\\webapps\\Photo_Share_Server\\photo_share\\4\\2013-04-24_21_16_12.png', 'D:\\黄世凡\\JSP\\Photo_Share_Web_Server\\.metadata\\.me_tcat\\webapps\\Photo_Share_Server\\photo_share\\4\\2013-04-24_21_16_12_zoom.png', '', '2013-04-24 21:16:12', '4');
INSERT INTO `t_photo` VALUES ('53', null, null, null, null, '', 'photo_share/4/2013-04-24_21_16_16.png', 'photo_share/4/2013-04-24_21_16_16_zoom.png', 'D:\\黄世凡\\JSP\\Photo_Share_Web_Server\\.metadata\\.me_tcat\\webapps\\Photo_Share_Server\\photo_share\\4\\2013-04-24_21_16_16.png', 'D:\\黄世凡\\JSP\\Photo_Share_Web_Server\\.metadata\\.me_tcat\\webapps\\Photo_Share_Server\\photo_share\\4\\2013-04-24_21_16_16_zoom.png', '', '2013-04-24 21:16:16', '4');
INSERT INTO `t_photo` VALUES ('54', null, null, null, null, '', 'photo_share/4/2013-04-24_21_16_22.png', 'photo_share/4/2013-04-24_21_16_22_zoom.png', 'D:\\黄世凡\\JSP\\Photo_Share_Web_Server\\.metadata\\.me_tcat\\webapps\\Photo_Share_Server\\photo_share\\4\\2013-04-24_21_16_22.png', 'D:\\黄世凡\\JSP\\Photo_Share_Web_Server\\.metadata\\.me_tcat\\webapps\\Photo_Share_Server\\photo_share\\4\\2013-04-24_21_16_22_zoom.png', '', '2013-04-24 21:16:22', '4');
INSERT INTO `t_photo` VALUES ('55', null, null, null, null, '', 'photo_share/4/2013-04-24_21_16_27.png', 'photo_share/4/2013-04-24_21_16_27_zoom.png', 'D:\\黄世凡\\JSP\\Photo_Share_Web_Server\\.metadata\\.me_tcat\\webapps\\Photo_Share_Server\\photo_share\\4\\2013-04-24_21_16_27.png', 'D:\\黄世凡\\JSP\\Photo_Share_Web_Server\\.metadata\\.me_tcat\\webapps\\Photo_Share_Server\\photo_share\\4\\2013-04-24_21_16_27_zoom.png', '', '2013-04-24 21:16:27', '4');
INSERT INTO `t_photo` VALUES ('56', null, null, null, null, '', 'photo_share/4/2013-04-24_21_16_33.png', 'photo_share/4/2013-04-24_21_16_33_zoom.png', 'D:\\黄世凡\\JSP\\Photo_Share_Web_Server\\.metadata\\.me_tcat\\webapps\\Photo_Share_Server\\photo_share\\4\\2013-04-24_21_16_33.png', 'D:\\黄世凡\\JSP\\Photo_Share_Web_Server\\.metadata\\.me_tcat\\webapps\\Photo_Share_Server\\photo_share\\4\\2013-04-24_21_16_33_zoom.png', '', '2013-04-24 21:16:33', '4');
INSERT INTO `t_photo` VALUES ('57', null, null, null, null, '', 'photo_share/4/2013-04-24_21_16_38.png', 'photo_share/4/2013-04-24_21_16_38_zoom.png', 'D:\\黄世凡\\JSP\\Photo_Share_Web_Server\\.metadata\\.me_tcat\\webapps\\Photo_Share_Server\\photo_share\\4\\2013-04-24_21_16_38.png', 'D:\\黄世凡\\JSP\\Photo_Share_Web_Server\\.metadata\\.me_tcat\\webapps\\Photo_Share_Server\\photo_share\\4\\2013-04-24_21_16_38_zoom.png', '', '2013-04-24 21:16:38', '4');
INSERT INTO `t_photo` VALUES ('58', null, null, null, null, '', 'photo_share/4/2013-04-24_21_16_43.png', 'photo_share/4/2013-04-24_21_16_43_zoom.png', 'D:\\黄世凡\\JSP\\Photo_Share_Web_Server\\.metadata\\.me_tcat\\webapps\\Photo_Share_Server\\photo_share\\4\\2013-04-24_21_16_43.png', 'D:\\黄世凡\\JSP\\Photo_Share_Web_Server\\.metadata\\.me_tcat\\webapps\\Photo_Share_Server\\photo_share\\4\\2013-04-24_21_16_43_zoom.png', '', '2013-04-24 21:16:43', '4');
INSERT INTO `t_photo` VALUES ('59', null, null, null, null, '', 'photo_share/4/2013-04-24_21_16_49.png', 'photo_share/4/2013-04-24_21_16_49_zoom.png', 'D:\\黄世凡\\JSP\\Photo_Share_Web_Server\\.metadata\\.me_tcat\\webapps\\Photo_Share_Server\\photo_share\\4\\2013-04-24_21_16_49.png', 'D:\\黄世凡\\JSP\\Photo_Share_Web_Server\\.metadata\\.me_tcat\\webapps\\Photo_Share_Server\\photo_share\\4\\2013-04-24_21_16_49_zoom.png', '', '2013-04-24 21:16:49', '4');
INSERT INTO `t_photo` VALUES ('60', null, null, null, null, '', 'photo_share/4/2013-04-24_21_16_56.png', 'photo_share/4/2013-04-24_21_16_56_zoom.png', 'D:\\黄世凡\\JSP\\Photo_Share_Web_Server\\.metadata\\.me_tcat\\webapps\\Photo_Share_Server\\photo_share\\4\\2013-04-24_21_16_56.png', 'D:\\黄世凡\\JSP\\Photo_Share_Web_Server\\.metadata\\.me_tcat\\webapps\\Photo_Share_Server\\photo_share\\4\\2013-04-24_21_16_56_zoom.png', '', '2013-04-24 21:16:56', '4');
INSERT INTO `t_photo` VALUES ('61', null, null, null, null, '', 'photo_share/4/2013-04-24_21_17_03.png', 'photo_share/4/2013-04-24_21_17_03_zoom.png', 'D:\\黄世凡\\JSP\\Photo_Share_Web_Server\\.metadata\\.me_tcat\\webapps\\Photo_Share_Server\\photo_share\\4\\2013-04-24_21_17_03.png', 'D:\\黄世凡\\JSP\\Photo_Share_Web_Server\\.metadata\\.me_tcat\\webapps\\Photo_Share_Server\\photo_share\\4\\2013-04-24_21_17_03_zoom.png', '', '2013-04-24 21:17:03', '4');
INSERT INTO `t_photo` VALUES ('62', null, null, null, null, '', 'photo_share/4/2013-04-24_21_17_10.png', 'photo_share/4/2013-04-24_21_17_10_zoom.png', 'D:\\黄世凡\\JSP\\Photo_Share_Web_Server\\.metadata\\.me_tcat\\webapps\\Photo_Share_Server\\photo_share\\4\\2013-04-24_21_17_10.png', 'D:\\黄世凡\\JSP\\Photo_Share_Web_Server\\.metadata\\.me_tcat\\webapps\\Photo_Share_Server\\photo_share\\4\\2013-04-24_21_17_10_zoom.png', '', '2013-04-24 21:17:10', '4');
INSERT INTO `t_photo` VALUES ('63', null, null, null, null, '', 'photo_share/4/2013-04-24_21_17_18.png', 'photo_share/4/2013-04-24_21_17_18_zoom.png', 'D:\\黄世凡\\JSP\\Photo_Share_Web_Server\\.metadata\\.me_tcat\\webapps\\Photo_Share_Server\\photo_share\\4\\2013-04-24_21_17_18.png', 'D:\\黄世凡\\JSP\\Photo_Share_Web_Server\\.metadata\\.me_tcat\\webapps\\Photo_Share_Server\\photo_share\\4\\2013-04-24_21_17_18_zoom.png', '', '2013-04-24 21:17:18', '4');
INSERT INTO `t_photo` VALUES ('64', null, null, null, null, '', 'photo_share/4/2013-04-24_21_17_25.png', 'photo_share/4/2013-04-24_21_17_25_zoom.png', 'D:\\黄世凡\\JSP\\Photo_Share_Web_Server\\.metadata\\.me_tcat\\webapps\\Photo_Share_Server\\photo_share\\4\\2013-04-24_21_17_25.png', 'D:\\黄世凡\\JSP\\Photo_Share_Web_Server\\.metadata\\.me_tcat\\webapps\\Photo_Share_Server\\photo_share\\4\\2013-04-24_21_17_25_zoom.png', '', '2013-04-24 21:17:25', '4');
INSERT INTO `t_photo` VALUES ('65', null, null, null, null, '', 'photo_share/4/2013-04-24_21_17_35.png', 'photo_share/4/2013-04-24_21_17_35_zoom.png', 'D:\\黄世凡\\JSP\\Photo_Share_Web_Server\\.metadata\\.me_tcat\\webapps\\Photo_Share_Server\\photo_share\\4\\2013-04-24_21_17_35.png', 'D:\\黄世凡\\JSP\\Photo_Share_Web_Server\\.metadata\\.me_tcat\\webapps\\Photo_Share_Server\\photo_share\\4\\2013-04-24_21_17_35_zoom.png', '', '2013-04-24 21:17:35', '4');
INSERT INTO `t_photo` VALUES ('66', null, null, null, null, '', 'photo_share/4/2013-04-24_21_17_45.png', 'photo_share/4/2013-04-24_21_17_45_zoom.png', 'D:\\黄世凡\\JSP\\Photo_Share_Web_Server\\.metadata\\.me_tcat\\webapps\\Photo_Share_Server\\photo_share\\4\\2013-04-24_21_17_45.png', 'D:\\黄世凡\\JSP\\Photo_Share_Web_Server\\.metadata\\.me_tcat\\webapps\\Photo_Share_Server\\photo_share\\4\\2013-04-24_21_17_45_zoom.png', '', '2013-04-24 21:17:45', '4');
INSERT INTO `t_photo` VALUES ('67', null, null, null, null, '', 'photo_share/4/2013-04-24_21_17_54.png', 'photo_share/4/2013-04-24_21_17_54_zoom.png', 'D:\\黄世凡\\JSP\\Photo_Share_Web_Server\\.metadata\\.me_tcat\\webapps\\Photo_Share_Server\\photo_share\\4\\2013-04-24_21_17_54.png', 'D:\\黄世凡\\JSP\\Photo_Share_Web_Server\\.metadata\\.me_tcat\\webapps\\Photo_Share_Server\\photo_share\\4\\2013-04-24_21_17_54_zoom.png', '', '2013-04-24 21:17:54', '4');
INSERT INTO `t_photo` VALUES ('68', null, null, null, null, '', 'photo_share/4/2013-04-24_21_18_00.png', 'photo_share/4/2013-04-24_21_18_00_zoom.png', 'D:\\黄世凡\\JSP\\Photo_Share_Web_Server\\.metadata\\.me_tcat\\webapps\\Photo_Share_Server\\photo_share\\4\\2013-04-24_21_18_00.png', 'D:\\黄世凡\\JSP\\Photo_Share_Web_Server\\.metadata\\.me_tcat\\webapps\\Photo_Share_Server\\photo_share\\4\\2013-04-24_21_18_00_zoom.png', '', '2013-04-24 21:18:00', '4');
INSERT INTO `t_photo` VALUES ('69', null, null, null, null, '', 'photo_share/4/2013-04-24_21_18_08.png', 'photo_share/4/2013-04-24_21_18_08_zoom.png', 'D:\\黄世凡\\JSP\\Photo_Share_Web_Server\\.metadata\\.me_tcat\\webapps\\Photo_Share_Server\\photo_share\\4\\2013-04-24_21_18_08.png', 'D:\\黄世凡\\JSP\\Photo_Share_Web_Server\\.metadata\\.me_tcat\\webapps\\Photo_Share_Server\\photo_share\\4\\2013-04-24_21_18_08_zoom.png', '', '2013-04-24 21:18:08', '4');
INSERT INTO `t_photo` VALUES ('70', null, null, null, null, '', 'photo_share/4/2013-04-24_21_18_15.png', 'photo_share/4/2013-04-24_21_18_15_zoom.png', 'D:\\黄世凡\\JSP\\Photo_Share_Web_Server\\.metadata\\.me_tcat\\webapps\\Photo_Share_Server\\photo_share\\4\\2013-04-24_21_18_15.png', 'D:\\黄世凡\\JSP\\Photo_Share_Web_Server\\.metadata\\.me_tcat\\webapps\\Photo_Share_Server\\photo_share\\4\\2013-04-24_21_18_15_zoom.png', '', '2013-04-24 21:18:15', '4');
INSERT INTO `t_photo` VALUES ('71', null, null, null, null, '', 'photo_share/4/2013-04-24_21_18_21.png', 'photo_share/4/2013-04-24_21_18_21_zoom.png', 'D:\\黄世凡\\JSP\\Photo_Share_Web_Server\\.metadata\\.me_tcat\\webapps\\Photo_Share_Server\\photo_share\\4\\2013-04-24_21_18_21.png', 'D:\\黄世凡\\JSP\\Photo_Share_Web_Server\\.metadata\\.me_tcat\\webapps\\Photo_Share_Server\\photo_share\\4\\2013-04-24_21_18_21_zoom.png', '', '2013-04-24 21:18:21', '4');
INSERT INTO `t_photo` VALUES ('72', null, null, null, null, '', 'photo_share/4/2013-04-24_21_18_29.png', 'photo_share/4/2013-04-24_21_18_29_zoom.png', 'D:\\黄世凡\\JSP\\Photo_Share_Web_Server\\.metadata\\.me_tcat\\webapps\\Photo_Share_Server\\photo_share\\4\\2013-04-24_21_18_29.png', 'D:\\黄世凡\\JSP\\Photo_Share_Web_Server\\.metadata\\.me_tcat\\webapps\\Photo_Share_Server\\photo_share\\4\\2013-04-24_21_18_29_zoom.png', '', '2013-04-24 21:18:29', '4');
INSERT INTO `t_photo` VALUES ('73', null, null, null, null, '', 'photo_share/4/2013-04-24_21_18_37.png', 'photo_share/4/2013-04-24_21_18_37_zoom.png', 'D:\\黄世凡\\JSP\\Photo_Share_Web_Server\\.metadata\\.me_tcat\\webapps\\Photo_Share_Server\\photo_share\\4\\2013-04-24_21_18_37.png', 'D:\\黄世凡\\JSP\\Photo_Share_Web_Server\\.metadata\\.me_tcat\\webapps\\Photo_Share_Server\\photo_share\\4\\2013-04-24_21_18_37_zoom.png', '', '2013-04-24 21:18:37', '4');
INSERT INTO `t_photo` VALUES ('75', null, null, null, null, '', 'photo_share/4/2013-04-24_21_18_50.png', 'photo_share/4/2013-04-24_21_18_50_zoom.png', 'D:\\黄世凡\\JSP\\Photo_Share_Web_Server\\.metadata\\.me_tcat\\webapps\\Photo_Share_Server\\photo_share\\4\\2013-04-24_21_18_50.png', 'D:\\黄世凡\\JSP\\Photo_Share_Web_Server\\.metadata\\.me_tcat\\webapps\\Photo_Share_Server\\photo_share\\4\\2013-04-24_21_18_50_zoom.png', '', '2013-04-24 21:18:50', '4');
INSERT INTO `t_photo` VALUES ('76', null, null, null, null, '', 'photo_share/5/2013-04-24_21_24_15.png', 'photo_share/5/2013-04-24_21_24_15_zoom.png', 'D:\\黄世凡\\JSP\\Photo_Share_Web_Server\\.metadata\\.me_tcat\\webapps\\Photo_Share_Server\\photo_share\\5\\2013-04-24_21_24_15.png', 'D:\\黄世凡\\JSP\\Photo_Share_Web_Server\\.metadata\\.me_tcat\\webapps\\Photo_Share_Server\\photo_share\\5\\2013-04-24_21_24_15_zoom.png', '', '2013-04-24 21:24:15', '5');
INSERT INTO `t_photo` VALUES ('77', null, null, null, null, '', 'photo_share/5/2013-04-24_21_24_19.png', 'photo_share/5/2013-04-24_21_24_19_zoom.png', 'D:\\黄世凡\\JSP\\Photo_Share_Web_Server\\.metadata\\.me_tcat\\webapps\\Photo_Share_Server\\photo_share\\5\\2013-04-24_21_24_19.png', 'D:\\黄世凡\\JSP\\Photo_Share_Web_Server\\.metadata\\.me_tcat\\webapps\\Photo_Share_Server\\photo_share\\5\\2013-04-24_21_24_19_zoom.png', '', '2013-04-24 21:24:19', '5');
INSERT INTO `t_photo` VALUES ('78', null, null, null, null, '', 'photo_share/5/2013-04-24_21_24_22.png', 'photo_share/5/2013-04-24_21_24_22_zoom.png', 'D:\\黄世凡\\JSP\\Photo_Share_Web_Server\\.metadata\\.me_tcat\\webapps\\Photo_Share_Server\\photo_share\\5\\2013-04-24_21_24_22.png', 'D:\\黄世凡\\JSP\\Photo_Share_Web_Server\\.metadata\\.me_tcat\\webapps\\Photo_Share_Server\\photo_share\\5\\2013-04-24_21_24_22_zoom.png', '', '2013-04-24 21:24:22', '5');
INSERT INTO `t_photo` VALUES ('79', null, null, null, null, '', 'photo_share/5/2013-04-24_21_24_25.png', 'photo_share/5/2013-04-24_21_24_25_zoom.png', 'D:\\黄世凡\\JSP\\Photo_Share_Web_Server\\.metadata\\.me_tcat\\webapps\\Photo_Share_Server\\photo_share\\5\\2013-04-24_21_24_25.png', 'D:\\黄世凡\\JSP\\Photo_Share_Web_Server\\.metadata\\.me_tcat\\webapps\\Photo_Share_Server\\photo_share\\5\\2013-04-24_21_24_25_zoom.png', '', '2013-04-24 21:24:25', '5');
INSERT INTO `t_photo` VALUES ('80', null, null, null, null, '', 'photo_share/5/2013-04-24_21_24_29.png', 'photo_share/5/2013-04-24_21_24_29_zoom.png', 'D:\\黄世凡\\JSP\\Photo_Share_Web_Server\\.metadata\\.me_tcat\\webapps\\Photo_Share_Server\\photo_share\\5\\2013-04-24_21_24_29.png', 'D:\\黄世凡\\JSP\\Photo_Share_Web_Server\\.metadata\\.me_tcat\\webapps\\Photo_Share_Server\\photo_share\\5\\2013-04-24_21_24_29_zoom.png', '', '2013-04-24 21:24:29', '5');
INSERT INTO `t_photo` VALUES ('81', null, null, null, null, '', 'photo_share/5/2013-04-24_21_24_44.png', 'photo_share/5/2013-04-24_21_24_44_zoom.png', 'D:\\黄世凡\\JSP\\Photo_Share_Web_Server\\.metadata\\.me_tcat\\webapps\\Photo_Share_Server\\photo_share\\5\\2013-04-24_21_24_44.png', 'D:\\黄世凡\\JSP\\Photo_Share_Web_Server\\.metadata\\.me_tcat\\webapps\\Photo_Share_Server\\photo_share\\5\\2013-04-24_21_24_44_zoom.png', '', '2013-04-24 21:24:44', '5');
INSERT INTO `t_photo` VALUES ('82', null, null, null, null, '', 'photo_share/5/2013-04-24_21_24_47.png', 'photo_share/5/2013-04-24_21_24_47_zoom.png', 'D:\\黄世凡\\JSP\\Photo_Share_Web_Server\\.metadata\\.me_tcat\\webapps\\Photo_Share_Server\\photo_share\\5\\2013-04-24_21_24_47.png', 'D:\\黄世凡\\JSP\\Photo_Share_Web_Server\\.metadata\\.me_tcat\\webapps\\Photo_Share_Server\\photo_share\\5\\2013-04-24_21_24_47_zoom.png', '', '2013-04-24 21:24:47', '5');
INSERT INTO `t_photo` VALUES ('83', null, null, null, null, '', 'photo_share/5/2013-04-24_21_24_51.png', 'photo_share/5/2013-04-24_21_24_51_zoom.png', 'D:\\黄世凡\\JSP\\Photo_Share_Web_Server\\.metadata\\.me_tcat\\webapps\\Photo_Share_Server\\photo_share\\5\\2013-04-24_21_24_51.png', 'D:\\黄世凡\\JSP\\Photo_Share_Web_Server\\.metadata\\.me_tcat\\webapps\\Photo_Share_Server\\photo_share\\5\\2013-04-24_21_24_51_zoom.png', '', '2013-04-24 21:24:51', '5');
INSERT INTO `t_photo` VALUES ('84', null, null, null, null, '', 'photo_share/5/2013-04-24_21_24_55.png', 'photo_share/5/2013-04-24_21_24_55_zoom.png', 'D:\\黄世凡\\JSP\\Photo_Share_Web_Server\\.metadata\\.me_tcat\\webapps\\Photo_Share_Server\\photo_share\\5\\2013-04-24_21_24_55.png', 'D:\\黄世凡\\JSP\\Photo_Share_Web_Server\\.metadata\\.me_tcat\\webapps\\Photo_Share_Server\\photo_share\\5\\2013-04-24_21_24_55_zoom.png', '', '2013-04-24 21:24:55', '5');
INSERT INTO `t_photo` VALUES ('85', null, null, null, null, '', 'photo_share/5/2013-04-24_21_24_59.png', 'photo_share/5/2013-04-24_21_24_59_zoom.png', 'D:\\黄世凡\\JSP\\Photo_Share_Web_Server\\.metadata\\.me_tcat\\webapps\\Photo_Share_Server\\photo_share\\5\\2013-04-24_21_24_59.png', 'D:\\黄世凡\\JSP\\Photo_Share_Web_Server\\.metadata\\.me_tcat\\webapps\\Photo_Share_Server\\photo_share\\5\\2013-04-24_21_24_59_zoom.png', '', '2013-04-24 21:24:59', '5');
INSERT INTO `t_photo` VALUES ('86', null, null, null, null, '', 'photo_share/5/2013-04-24_21_25_03.png', 'photo_share/5/2013-04-24_21_25_03_zoom.png', 'D:\\黄世凡\\JSP\\Photo_Share_Web_Server\\.metadata\\.me_tcat\\webapps\\Photo_Share_Server\\photo_share\\5\\2013-04-24_21_25_03.png', 'D:\\黄世凡\\JSP\\Photo_Share_Web_Server\\.metadata\\.me_tcat\\webapps\\Photo_Share_Server\\photo_share\\5\\2013-04-24_21_25_03_zoom.png', '', '2013-04-24 21:25:03', '5');
INSERT INTO `t_photo` VALUES ('87', null, null, null, null, '', 'photo_share/5/2013-04-24_21_25_12.png', 'photo_share/5/2013-04-24_21_25_12_zoom.png', 'D:\\黄世凡\\JSP\\Photo_Share_Web_Server\\.metadata\\.me_tcat\\webapps\\Photo_Share_Server\\photo_share\\5\\2013-04-24_21_25_12.png', 'D:\\黄世凡\\JSP\\Photo_Share_Web_Server\\.metadata\\.me_tcat\\webapps\\Photo_Share_Server\\photo_share\\5\\2013-04-24_21_25_12_zoom.png', '', '2013-04-24 21:25:12', '5');
INSERT INTO `t_photo` VALUES ('88', null, null, null, null, '', 'photo_share/5/2013-04-24_21_25_29.png', 'photo_share/5/2013-04-24_21_25_29_zoom.png', 'D:\\黄世凡\\JSP\\Photo_Share_Web_Server\\.metadata\\.me_tcat\\webapps\\Photo_Share_Server\\photo_share\\5\\2013-04-24_21_25_29.png', 'D:\\黄世凡\\JSP\\Photo_Share_Web_Server\\.metadata\\.me_tcat\\webapps\\Photo_Share_Server\\photo_share\\5\\2013-04-24_21_25_29_zoom.png', '', '2013-04-24 21:25:29', '5');
INSERT INTO `t_photo` VALUES ('89', null, null, null, null, '', 'photo_share/5/2013-04-24_21_25_34.png', 'photo_share/5/2013-04-24_21_25_34_zoom.png', 'D:\\黄世凡\\JSP\\Photo_Share_Web_Server\\.metadata\\.me_tcat\\webapps\\Photo_Share_Server\\photo_share\\5\\2013-04-24_21_25_34.png', 'D:\\黄世凡\\JSP\\Photo_Share_Web_Server\\.metadata\\.me_tcat\\webapps\\Photo_Share_Server\\photo_share\\5\\2013-04-24_21_25_34_zoom.png', '', '2013-04-24 21:25:34', '5');
INSERT INTO `t_photo` VALUES ('90', null, null, null, null, '', 'photo_share/5/2013-04-24_21_25_41.png', 'photo_share/5/2013-04-24_21_25_41_zoom.png', 'D:\\黄世凡\\JSP\\Photo_Share_Web_Server\\.metadata\\.me_tcat\\webapps\\Photo_Share_Server\\photo_share\\5\\2013-04-24_21_25_41.png', 'D:\\黄世凡\\JSP\\Photo_Share_Web_Server\\.metadata\\.me_tcat\\webapps\\Photo_Share_Server\\photo_share\\5\\2013-04-24_21_25_41_zoom.png', '', '2013-04-24 21:25:41', '5');
INSERT INTO `t_photo` VALUES ('91', null, null, null, null, '', 'photo_share/5/2013-04-24_21_25_47.png', 'photo_share/5/2013-04-24_21_25_47_zoom.png', 'D:\\黄世凡\\JSP\\Photo_Share_Web_Server\\.metadata\\.me_tcat\\webapps\\Photo_Share_Server\\photo_share\\5\\2013-04-24_21_25_47.png', 'D:\\黄世凡\\JSP\\Photo_Share_Web_Server\\.metadata\\.me_tcat\\webapps\\Photo_Share_Server\\photo_share\\5\\2013-04-24_21_25_47_zoom.png', '', '2013-04-24 21:25:47', '5');
INSERT INTO `t_photo` VALUES ('92', null, null, null, null, '', 'photo_share/5/2013-04-24_21_25_51.png', 'photo_share/5/2013-04-24_21_25_51_zoom.png', 'D:\\黄世凡\\JSP\\Photo_Share_Web_Server\\.metadata\\.me_tcat\\webapps\\Photo_Share_Server\\photo_share\\5\\2013-04-24_21_25_51.png', 'D:\\黄世凡\\JSP\\Photo_Share_Web_Server\\.metadata\\.me_tcat\\webapps\\Photo_Share_Server\\photo_share\\5\\2013-04-24_21_25_51_zoom.png', '', '2013-04-24 21:25:51', '5');
INSERT INTO `t_photo` VALUES ('93', null, null, null, null, '', 'photo_share/5/2013-04-24_21_25_56.png', 'photo_share/5/2013-04-24_21_25_56_zoom.png', 'D:\\黄世凡\\JSP\\Photo_Share_Web_Server\\.metadata\\.me_tcat\\webapps\\Photo_Share_Server\\photo_share\\5\\2013-04-24_21_25_56.png', 'D:\\黄世凡\\JSP\\Photo_Share_Web_Server\\.metadata\\.me_tcat\\webapps\\Photo_Share_Server\\photo_share\\5\\2013-04-24_21_25_56_zoom.png', '', '2013-04-24 21:25:56', '5');
INSERT INTO `t_photo` VALUES ('94', null, null, null, null, '', 'photo_share/5/2013-04-24_21_26_04.png', 'photo_share/5/2013-04-24_21_26_04_zoom.png', 'D:\\黄世凡\\JSP\\Photo_Share_Web_Server\\.metadata\\.me_tcat\\webapps\\Photo_Share_Server\\photo_share\\5\\2013-04-24_21_26_04.png', 'D:\\黄世凡\\JSP\\Photo_Share_Web_Server\\.metadata\\.me_tcat\\webapps\\Photo_Share_Server\\photo_share\\5\\2013-04-24_21_26_04_zoom.png', '', '2013-04-24 21:26:04', '5');
INSERT INTO `t_photo` VALUES ('95', null, null, null, null, '', 'photo_share/5/2013-04-24_21_26_11.png', 'photo_share/5/2013-04-24_21_26_11_zoom.png', 'D:\\黄世凡\\JSP\\Photo_Share_Web_Server\\.metadata\\.me_tcat\\webapps\\Photo_Share_Server\\photo_share\\5\\2013-04-24_21_26_11.png', 'D:\\黄世凡\\JSP\\Photo_Share_Web_Server\\.metadata\\.me_tcat\\webapps\\Photo_Share_Server\\photo_share\\5\\2013-04-24_21_26_11_zoom.png', '', '2013-04-24 21:26:11', '5');
INSERT INTO `t_photo` VALUES ('96', null, null, null, null, '', 'photo_share/5/2013-04-24_21_26_24.png', 'photo_share/5/2013-04-24_21_26_24_zoom.png', 'D:\\黄世凡\\JSP\\Photo_Share_Web_Server\\.metadata\\.me_tcat\\webapps\\Photo_Share_Server\\photo_share\\5\\2013-04-24_21_26_24.png', 'D:\\黄世凡\\JSP\\Photo_Share_Web_Server\\.metadata\\.me_tcat\\webapps\\Photo_Share_Server\\photo_share\\5\\2013-04-24_21_26_24_zoom.png', '', '2013-04-24 21:26:24', '5');
INSERT INTO `t_photo` VALUES ('97', null, null, null, null, '', 'photo_share/5/2013-04-24_21_26_32.png', 'photo_share/5/2013-04-24_21_26_32_zoom.png', 'D:\\黄世凡\\JSP\\Photo_Share_Web_Server\\.metadata\\.me_tcat\\webapps\\Photo_Share_Server\\photo_share\\5\\2013-04-24_21_26_32.png', 'D:\\黄世凡\\JSP\\Photo_Share_Web_Server\\.metadata\\.me_tcat\\webapps\\Photo_Share_Server\\photo_share\\5\\2013-04-24_21_26_32_zoom.png', '', '2013-04-24 21:26:32', '5');
INSERT INTO `t_photo` VALUES ('98', null, null, null, null, '', 'photo_share/5/2013-04-24_21_26_38.png', 'photo_share/5/2013-04-24_21_26_38_zoom.png', 'D:\\黄世凡\\JSP\\Photo_Share_Web_Server\\.metadata\\.me_tcat\\webapps\\Photo_Share_Server\\photo_share\\5\\2013-04-24_21_26_38.png', 'D:\\黄世凡\\JSP\\Photo_Share_Web_Server\\.metadata\\.me_tcat\\webapps\\Photo_Share_Server\\photo_share\\5\\2013-04-24_21_26_38_zoom.png', '', '2013-04-24 21:26:38', '5');
INSERT INTO `t_photo` VALUES ('99', null, null, null, null, '', 'photo_share/5/2013-04-24_21_26_44.png', 'photo_share/5/2013-04-24_21_26_44_zoom.png', 'D:\\黄世凡\\JSP\\Photo_Share_Web_Server\\.metadata\\.me_tcat\\webapps\\Photo_Share_Server\\photo_share\\5\\2013-04-24_21_26_44.png', 'D:\\黄世凡\\JSP\\Photo_Share_Web_Server\\.metadata\\.me_tcat\\webapps\\Photo_Share_Server\\photo_share\\5\\2013-04-24_21_26_44_zoom.png', '', '2013-04-24 21:26:44', '5');
INSERT INTO `t_photo` VALUES ('100', null, null, null, null, '', 'photo_share/5/2013-04-24_21_26_55.png', 'photo_share/5/2013-04-24_21_26_55_zoom.png', 'D:\\黄世凡\\JSP\\Photo_Share_Web_Server\\.metadata\\.me_tcat\\webapps\\Photo_Share_Server\\photo_share\\5\\2013-04-24_21_26_55.png', 'D:\\黄世凡\\JSP\\Photo_Share_Web_Server\\.metadata\\.me_tcat\\webapps\\Photo_Share_Server\\photo_share\\5\\2013-04-24_21_26_55_zoom.png', '', '2013-04-24 21:26:55', '5');
INSERT INTO `t_photo` VALUES ('101', null, null, null, null, '', 'photo_share/5/2013-04-24_21_27_00.png', 'photo_share/5/2013-04-24_21_27_00_zoom.png', 'D:\\黄世凡\\JSP\\Photo_Share_Web_Server\\.metadata\\.me_tcat\\webapps\\Photo_Share_Server\\photo_share\\5\\2013-04-24_21_27_00.png', 'D:\\黄世凡\\JSP\\Photo_Share_Web_Server\\.metadata\\.me_tcat\\webapps\\Photo_Share_Server\\photo_share\\5\\2013-04-24_21_27_00_zoom.png', '', '2013-04-24 21:27:00', '5');
INSERT INTO `t_photo` VALUES ('102', null, null, null, null, '', 'photo_share/5/2013-04-24_21_27_06.png', 'photo_share/5/2013-04-24_21_27_06_zoom.png', 'D:\\黄世凡\\JSP\\Photo_Share_Web_Server\\.metadata\\.me_tcat\\webapps\\Photo_Share_Server\\photo_share\\5\\2013-04-24_21_27_06.png', 'D:\\黄世凡\\JSP\\Photo_Share_Web_Server\\.metadata\\.me_tcat\\webapps\\Photo_Share_Server\\photo_share\\5\\2013-04-24_21_27_06_zoom.png', '', '2013-04-24 21:27:06', '5');
INSERT INTO `t_photo` VALUES ('103', '113.294159', '22.501956', 'ws0840673hxg', '广东省中山市市辖区溪叠路', '招聘会\n', 'photo_share/6/2013-04-24_21_30_08.png', 'photo_share/6/2013-04-24_21_30_08_zoom.png', 'D:\\黄世凡\\JSP\\Photo_Share_Web_Server\\.metadata\\.me_tcat\\webapps\\Photo_Share_Server\\photo_share\\6\\2013-04-24_21_30_08.png', 'D:\\黄世凡\\JSP\\Photo_Share_Web_Server\\.metadata\\.me_tcat\\webapps\\Photo_Share_Server\\photo_share\\6\\2013-04-24_21_30_08_zoom.png', '', '2013-04-24 21:30:08', '6');
INSERT INTO `t_photo` VALUES ('104', '113.294159', '22.901956', 'ws0d614m94pb', null, '我的头发好帅xD 哈哈！', 'photo_share/7/2013-04-24_21_35_06.png', 'photo_share/7/2013-04-24_21_35_06_zoom.png', 'D:\\黄世凡\\JSP\\Photo_Share_Web_Server\\.metadata\\.me_tcat\\webapps\\Photo_Share_Server\\photo_share\\7\\2013-04-24_21_35_06.png', 'D:\\黄世凡\\JSP\\Photo_Share_Web_Server\\.metadata\\.me_tcat\\webapps\\Photo_Share_Server\\photo_share\\7\\2013-04-24_21_35_06_zoom.png', '', '2013-04-24 21:35:06', '7');
INSERT INTO `t_photo` VALUES ('105', '113.294159', '22.801956', 'ws09dnfr10xv', null, 'New profile picture♡', 'photo_share/7/2013-04-24_21_38_58.png', 'photo_share/7/2013-04-24_21_38_58_zoom.png', 'D:\\黄世凡\\JSP\\Photo_Share_Web_Server\\.metadata\\.me_tcat\\webapps\\Photo_Share_Server\\photo_share\\7\\2013-04-24_21_38_58.png', 'D:\\黄世凡\\JSP\\Photo_Share_Web_Server\\.metadata\\.me_tcat\\webapps\\Photo_Share_Server\\photo_share\\7\\2013-04-24_21_38_58_zoom.png', '', '2013-04-24 21:38:58', '7');
INSERT INTO `t_photo` VALUES ('106', '113.294159', '22.511956', 'ws08444m9hzb', null, 'ILoveThisMonth :* ♥', 'photo_share/7/2013-04-24_21_40_51.png', 'photo_share/7/2013-04-24_21_40_51_zoom.png', 'D:\\黄世凡\\JSP\\Photo_Share_Web_Server\\.metadata\\.me_tcat\\webapps\\Photo_Share_Server\\photo_share\\7\\2013-04-24_21_40_51.png', 'D:\\黄世凡\\JSP\\Photo_Share_Web_Server\\.metadata\\.me_tcat\\webapps\\Photo_Share_Server\\photo_share\\7\\2013-04-24_21_40_51_zoom.png', '', '2013-04-24 21:40:51', '7');
INSERT INTO `t_photo` VALUES ('109', '113.294159', '22.521956', 'ws0845frchzu', null, 'First talk show: Success ✔', 'photo_share/8/2013-04-24_21_45_29.png', 'photo_share/8/2013-04-24_21_45_29_zoom.png', 'D:\\黄世凡\\JSP\\Photo_Share_Web_Server\\.metadata\\.me_tcat\\webapps\\Photo_Share_Server\\photo_share\\8\\2013-04-24_21_45_29.png', 'D:\\黄世凡\\JSP\\Photo_Share_Web_Server\\.metadata\\.me_tcat\\webapps\\Photo_Share_Server\\photo_share\\8\\2013-04-24_21_45_29_zoom.png', '', '2013-04-24 21:45:29', '8');
INSERT INTO `t_photo` VALUES ('110', '113.294159', '22.520956', 'ws0845f614rz', null, 'On the way to Melaka yo! What\'s for dinner? #germband2 @karenacheow', 'photo_share/8/2013-04-24_21_46_18.png', 'photo_share/8/2013-04-24_21_46_18_zoom.png', 'D:\\黄世凡\\JSP\\Photo_Share_Web_Server\\.metadata\\.me_tcat\\webapps\\Photo_Share_Server\\photo_share\\8\\2013-04-24_21_46_18.png', 'D:\\黄世凡\\JSP\\Photo_Share_Web_Server\\.metadata\\.me_tcat\\webapps\\Photo_Share_Server\\photo_share\\8\\2013-04-24_21_46_18_zoom.png', '', '2013-04-24 21:46:18', '8');
INSERT INTO `t_photo` VALUES ('111', '113.294159', '22.527956', 'ws084j46c5ru', null, 'I always liked dancing, just never had the chance to pursue it #YOLO', 'photo_share/8/2013-04-24_21_47_17.png', 'photo_share/8/2013-04-24_21_47_17_zoom.png', 'D:\\黄世凡\\JSP\\Photo_Share_Web_Server\\.metadata\\.me_tcat\\webapps\\Photo_Share_Server\\photo_share\\8\\2013-04-24_21_47_17.png', 'D:\\黄世凡\\JSP\\Photo_Share_Web_Server\\.metadata\\.me_tcat\\webapps\\Photo_Share_Server\\photo_share\\8\\2013-04-24_21_47_17_zoom.png', '', '2013-04-24 21:47:17', '8');
INSERT INTO `t_photo` VALUES ('112', '113.294159', '22.501956', 'ws0840673hxg', null, '送给你们的照片~~~ ♥ ♥ ♥', 'photo_share/9/2013-04-24_21_50_34.png', 'photo_share/9/2013-04-24_21_50_34_zoom.png', 'D:\\黄世凡\\JSP\\Photo_Share_Web_Server\\.metadata\\.me_tcat\\webapps\\Photo_Share_Server\\photo_share\\9\\2013-04-24_21_50_34.png', 'D:\\黄世凡\\JSP\\Photo_Share_Web_Server\\.metadata\\.me_tcat\\webapps\\Photo_Share_Server\\photo_share\\9\\2013-04-24_21_50_34_zoom.png', '', '2013-04-24 21:50:34', '9');
INSERT INTO `t_photo` VALUES ('113', '113.294159', '22.501956', 'ws0840673hxg', null, '♥ ♥ ♥', 'photo_share/9/2013-04-24_21_53_39.png', 'photo_share/9/2013-04-24_21_53_39_zoom.png', 'D:\\黄世凡\\JSP\\Photo_Share_Web_Server\\.metadata\\.me_tcat\\webapps\\Photo_Share_Server\\photo_share\\9\\2013-04-24_21_53_39.png', 'D:\\黄世凡\\JSP\\Photo_Share_Web_Server\\.metadata\\.me_tcat\\webapps\\Photo_Share_Server\\photo_share\\9\\2013-04-24_21_53_39_zoom.png', '', '2013-04-24 21:53:39', '9');
INSERT INTO `t_photo` VALUES ('114', '113.294159', '22.50195', 'ws08406735xb', null, '其实我很肥~!!! ♥♥\\n已证实~←_←', 'photo_share/9/2013-04-24_21_54_38.png', 'photo_share/9/2013-04-24_21_54_38_zoom.png', 'D:\\黄世凡\\JSP\\Photo_Share_Web_Server\\.metadata\\.me_tcat\\webapps\\Photo_Share_Server\\photo_share\\9\\2013-04-24_21_54_38.png', 'D:\\黄世凡\\JSP\\Photo_Share_Web_Server\\.metadata\\.me_tcat\\webapps\\Photo_Share_Server\\photo_share\\9\\2013-04-24_21_54_38_zoom.png', '', '2013-04-24 21:54:38', '9');
INSERT INTO `t_photo` VALUES ('115', '113.294014', '22.501798', 'ws084064mz5v', '广东省中山市市辖区溪叠路', '', 'photo_share/11/2013-04-24_22_35_14.png', 'photo_share/11/2013-04-24_22_35_14_zoom.png', 'D:\\黄世凡\\JSP\\Photo_Share_Web_Server\\.metadata\\.me_tcat\\webapps\\Photo_Share_Server\\photo_share\\11\\2013-04-24_22_35_14.png', 'D:\\黄世凡\\JSP\\Photo_Share_Web_Server\\.metadata\\.me_tcat\\webapps\\Photo_Share_Server\\photo_share\\11\\2013-04-24_22_35_14_zoom.png', '', '2013-04-24 22:35:14', '11');
INSERT INTO `t_subscription_relation` VALUES ('1', '3', '2');
INSERT INTO `t_subscription_relation` VALUES ('2', '3', '1');
INSERT INTO `t_subscription_relation` VALUES ('3', '3', '4');
INSERT INTO `t_subscription_relation` VALUES ('6', '11', '5');
INSERT INTO `t_subscription_relation` VALUES ('7', '11', '2');
INSERT INTO `t_subscription_relation` VALUES ('8', '11', '1');
INSERT INTO `t_user` VALUES ('1', '美食特工', 'e10adc3949ba59abbe56e057f20f883e', 'photo_share/1/head.jpg', 'D:\\黄世凡\\JSP\\Photo_Share_Web_Server\\.metadata\\.me_tcat\\webapps\\Photo_Share_Server\\photo_share\\1\\head.jpg');
INSERT INTO `t_user` VALUES ('2', '旅游大世界', 'e10adc3949ba59abbe56e057f20f883e', 'photo_share/2/head.jpg', 'D:\\黄世凡\\JSP\\Photo_Share_Web_Server\\.metadata\\.me_tcat\\webapps\\Photo_Share_Server\\photo_share\\2\\head.jpg');
INSERT INTO `t_user` VALUES ('3', 'wait', 'e10adc3949ba59abbe56e057f20f883e', 'photo_share/3/head.jpg', 'D:\\黄世凡\\JSP\\Photo_Share_Web_Server\\.metadata\\.me_tcat\\webapps\\Photo_Share_Server\\photo_share\\3\\head.jpg');
INSERT INTO `t_user` VALUES ('4', '51纹身特区', 'e10adc3949ba59abbe56e057f20f883e', 'photo_share/4/head.jpg', 'D:\\黄世凡\\JSP\\Photo_Share_Web_Server\\.metadata\\.me_tcat\\webapps\\Photo_Share_Server\\photo_share\\4\\head.jpg');
INSERT INTO `t_user` VALUES ('5', '创意思维', 'e10adc3949ba59abbe56e057f20f883e', 'photo_share/5/head.jpg', 'D:\\黄世凡\\JSP\\Photo_Share_Web_Server\\.metadata\\.me_tcat\\webapps\\Photo_Share_Server\\photo_share\\5\\head.jpg');
INSERT INTO `t_user` VALUES ('6', '路人甲', 'e10adc3949ba59abbe56e057f20f883e', null, null);
INSERT INTO `t_user` VALUES ('7', 'Zi Lin', '123456', 'photo_share/7/head.jpg', 'D:\\黄世凡\\JSP\\Photo_Share_Web_Server\\.metadata\\.me_tcat\\webapps\\Photo_Share_Server\\photo_share\\7\\head.jpg');
INSERT INTO `t_user` VALUES ('8', 'Joseph Germani', '123456', 'photo_share/8/head.jpg', 'D:\\黄世凡\\JSP\\Photo_Share_Web_Server\\.metadata\\.me_tcat\\webapps\\Photo_Share_Server\\photo_share\\8\\head.jpg');
INSERT INTO `t_user` VALUES ('9', '江健泓', '123456', 'photo_share/9/head.jpg', 'D:\\黄世凡\\JSP\\Photo_Share_Web_Server\\.metadata\\.me_tcat\\webapps\\Photo_Share_Server\\photo_share\\9\\head.jpg');
INSERT INTO `t_user` VALUES ('10', '大中天', '7fa8282ad93047a4d6fe6111c93b308a', null, null);
INSERT INTO `t_user` VALUES ('11', '龙城大中天', '96e79218965eb72c92a549dd5a330112', 'photo_share/11/head.jpg', 'D:\\黄世凡\\JSP\\Photo_Share_Web_Server\\.metadata\\.me_tcat\\webapps\\Photo_Share_Server\\photo_share\\11\\head.jpg');
INSERT INTO `t_user_like_photo` VALUES ('1', '3', '75');
INSERT INTO `t_user_like_photo` VALUES ('2', '3', '73');
INSERT INTO `t_user_like_photo` VALUES ('3', '3', '72');
INSERT INTO `t_user_like_photo` VALUES ('4', '3', '66');
INSERT INTO `t_user_like_photo` VALUES ('5', '3', '63');
INSERT INTO `t_user_like_photo` VALUES ('6', '6', '103');
INSERT INTO `t_user_like_photo` VALUES ('7', '6', '104');
INSERT INTO `t_user_like_photo` VALUES ('8', '6', '105');
INSERT INTO `t_user_like_photo` VALUES ('9', '6', '108');
INSERT INTO `t_user_like_photo` VALUES ('10', '6', '110');
INSERT INTO `t_user_like_photo` VALUES ('11', '6', '109');
INSERT INTO `t_user_like_photo` VALUES ('12', '6', '106');
INSERT INTO `t_user_like_photo` VALUES ('13', '10', '112');
INSERT INTO `t_user_like_photo` VALUES ('14', '10', '103');
INSERT INTO `t_user_like_photo` VALUES ('15', '10', '109');
INSERT INTO `t_user_like_photo` VALUES ('16', '10', '104');
INSERT INTO `t_user_like_photo` VALUES ('17', '10', '105');
INSERT INTO `t_user_like_photo` VALUES ('18', '10', '110');
INSERT INTO `t_user_like_photo` VALUES ('20', '11', '81');
INSERT INTO `t_user_like_photo` VALUES ('21', '11', '112');
INSERT INTO `t_user_like_photo` VALUES ('22', '11', '114');
